"Code","Name_En","Name_Fr","Name_Es"
"n3","Quantity (number 1000)","Quantité (nombre 1000)","Cantidad (número 1000)"
"t","Quantity (tonnes)","Quantité (tonnes)","Cantidad (toneladas)"
"v","Value (USD 1000)","Valeur (1000 USD)","Valor (1000 USD)"
"no","Quantity (number)","Quantité (nombre)","Cantidad (número)"
"h","Effort (hours)","Effort (heures)","Esfuerzo (horas)"
"kg","Quantity (kilograms)","Quantité (kilogrammes)","Cantidad (kilogramos)"
"m","Length (meters)","Longeur (mètres)","Eslora (metros)"
